"","site_id","revisitid","year","utme","utmn","individual","utm_zone","species"
"1","201501","20150101",2015,151,188,"10714",9,"black"
"2","201501","20150101",2015,151,188,"10714",9,"black"
"3","201501","20150101",2015,151,188,"10714",9,"black"
"4","201501","20150101",2015,151,188,"10714",9,"black"
"5","201501","20150101",2015,151,188,"10714",9,"black"
"6","201502","20150201",2015,194,189,"13556",9,"black"
"7","201502","20150201",2015,194,189,"13556",9,"black"
"8","201502","20150201",2015,194,189,"13556",9,"black"
"9","201502","20150201",2015,194,189,"13556",9,"black"
"10","201503","20150301",2015,48,190,"37850",9,"black"
"11","201503","20150301",2015,48,190,"197013",9,"black"
"12","201503","20150301",2015,48,190,"37850",9,"black"
"13","201503","20150301",2015,48,190,"26794",9,"black"
"14","201505","20150501",2015,195,191,"119300",9,"black"
"15","201506","20150601",2015,196,192,"14211",9,"black"
"16","201506","20150601",2015,196,192,"14211",9,"black"
"17","201506","20150601",2015,196,192,"14211",9,"black"
"18","201506","20150601",2015,196,192,"197098",9,"grizzly"
"19","201506","20150601",2015,196,192,"11694",9,"black"
"20","201506","20150601",2015,196,192,"197098",9,"grizzly"
"21","201507","20150701",2015,3,193,"139903",9,"grizzly"
"22","201507","20150701",2015,3,193,"139903",9,"grizzly"
"23","201508","20150801",2015,197,194,"139906",9,"black"
"24","201508","20150801",2015,197,194,"139906",9,"black"
"25","201508","20150801",2015,197,194,"14125",9,"black"
"26","201508","20150801",2015,197,194,"139906",9,"black"
"27","201510","20151001",2015,198,195,"197098",9,"grizzly"
"28","201510","20151001",2015,198,195,"197098",9,"grizzly"
"29","201511","20151101",2015,199,196,"37832",9,"black"
"30","201511","20151101",2015,199,196,"37922",9,"black"
"31","201511","20151101",2015,199,196,"37832",9,"black"
"32","201511","20151101",2015,199,196,"37832",9,"black"
"33","201511","20151101",2015,199,196,"37832",9,"black"
"34","201511","20151101",2015,199,196,"37832",9,"black"
"35","201511","20151101",2015,199,196,"37832",9,"black"
"36","201511","20151101",2015,199,196,"37922",9,"black"
"37","201511","20151101",2015,199,196,"37832",9,"black"
"38","201511","20151101",2015,199,196,"37832",9,"black"
"39","201511","20151101",2015,199,196,"37832",9,"black"
"40","201511","20151101",2015,199,196,"37832",9,"black"
"41","201511","20151101",2015,199,196,"37922",9,"black"
"42","201511","20151101",2015,199,196,"37832",9,"black"
"43","201518","20151801",2015,200,197,"12480",9,"grizzly"
"44","201518","20151801",2015,200,197,"12480",9,"grizzly"
"45","201518","20151801",2015,200,197,"12480",9,"grizzly"
"46","201518","20151801",2015,200,197,"12480",9,"grizzly"
"47","201518","20151801",2015,200,197,"12480",9,"grizzly"
"48","201520","20152001",2015,184,179,"12480",9,"grizzly"
"49","201520","20152001",2015,184,179,"12480",9,"grizzly"
"50","201520","20152001",2015,184,179,"12480",9,"grizzly"
"51","201521","20152101",2015,201,198,"125588",9,"black"
"52","201522","20152201",2015,202,199,"125588",9,"black"
"53","201524","20152401",2015,203,200,"27745",9,"black"
"54","201524","20152401",2015,203,200,"27745",9,"black"
"55","201524","20152401",2015,203,200,"27978",9,"grizzly"
"56","201524","20152401",2015,203,200,"27745",9,"black"
"57","201525","20152501",2015,204,201,"12480",9,"grizzly"
"58","201525","20152501",2015,204,201,"12480",9,"grizzly"
"59","201525","20152501",2015,204,201,"12480",9,"grizzly"
"60","201527","20152701",2015,205,77,"119400",9,"black"
"61","201527","20152701",2015,205,77,"119400",9,"black"
"62","201527","20152701",2015,205,77,"12029",9,"black"
"63","201528","20152801",2015,206,202,"125823",9,"black"
"64","201528","20152801",2015,206,202,"125823",9,"black"
"65","201529","20152901",2015,207,203,"119445",9,"grizzly"
"66","201529","20152901",2015,207,203,"26363",9,"grizzly"
"67","201530","20153001",2015,208,204,"13233",9,"black"
"68","201530","20153001",2015,208,204,"13233",9,"black"
"69","201530","20153001",2015,208,204,"13233",9,"black"
"70","201538","20153801",2015,209,205,"13327",9,"black"
"71","201538","20153801",2015,209,205,"13327",9,"black"
"72","201538","20153801",2015,209,205,"13327",9,"black"
"73","201538","20153801",2015,209,205,"13327",9,"black"
"74","201541","20154101",2015,210,206,"197159",9,"grizzly"
"75","201541","20154101",2015,210,206,"197159",9,"grizzly"
"76","201541","20154101",2015,210,206,"197159",9,"grizzly"
"77","201541","20154101",2015,210,206,"197159",9,"grizzly"
"78","201541","20154101",2015,210,206,"197159",9,"grizzly"
"79","201541","20154101",2015,210,206,"197159",9,"grizzly"
"80","201545","20154501",2015,211,207,"26764",9,"black"
"81","201546","20154601",2015,212,208,"13327",9,"black"
"82","201546","20154601",2015,212,208,"13327",9,"black"
"83","201547","20154701",2015,213,209,"11909",9,"black"
"84","201547","20154701",2015,213,209,"11909",9,"black"
"85","201548","20154801",2015,53,210,"11918",9,"black"
"86","201553","20155301",2015,214,211,"11909",9,"black"
"87","201553","20155301",2015,214,211,"11909",9,"black"
"88","201553","20155301",2015,214,211,"11909",9,"black"
"89","201559","20155901",2015,96,212,"12102",9,"grizzly"
"90","201560","20156001",2015,215,213,"12507",9,"black"
"91","201563","20156301",2015,216,214,"37517",9,"grizzly"
"92","201563","20156301",2015,216,214,"197159",9,"grizzly"
"93","201565","20156501",2015,18,18,"134566",9,"black"
"94","201565","20156501",2015,18,18,"12480",9,"grizzly"
"95","201565","20156501",2015,18,18,"12480",9,"grizzly"
"96","201568","20156801",2015,181,176,"12927",9,"black"
"97","201568","20156801",2015,181,176,"12927",9,"black"
"98","201568","20156801",2015,181,176,"12927",9,"black"
"99","201570","20157001",2015,40,215,"196575",9,"black"
"100","201571","20157101",2015,217,216,"134566",9,"black"
"101","201575","20157501",2015,218,217,"37483",9,"grizzly"
"102","201575","20157501",2015,218,217,"37483",9,"grizzly"
"103","201575","20157501",2015,218,217,"37483",9,"grizzly"
"104","201575","20157501",2015,218,217,"37483",9,"grizzly"
"105","201575","20157501",2015,218,217,"37483",9,"grizzly"
"106","201579","20157901",2015,219,218,"14018",9,"grizzly"
"107","201582","20158201",2015,220,219,"14018",9,"grizzly"
"108","201582","20158201",2015,220,219,"37669",9,"grizzly"
"109","201582","20158201",2015,220,219,"37669",9,"grizzly"
"110","201582","20158201",2015,220,219,"37669",9,"grizzly"
"111","201585","20158501",2015,221,220,"37497",9,"grizzly"
"112","201504w","201504w01",2015,222,221,"12959",9,"black"
"113","201504w","201504w01",2015,222,221,"12959",9,"black"
"114","201504w","201504w01",2015,222,221,"12959",9,"black"
"115","201504w","201504w01",2015,222,221,"12959",9,"black"
"116","201507e","201507e01",2015,223,222,"149691",9,"grizzly"
"117","201507e","201507e01",2015,223,222,"149691",9,"grizzly"
"118","201507e","201507e01",2015,223,222,"149691",9,"grizzly"
"119","201512w","201512w01",2015,167,223,"10526",9,"black"
"120","201512w","201512w01",2015,167,223,"10526",9,"black"
"121","201512w","201512w01",2015,167,223,"10526",9,"black"
"122","201512w","201512w01",2015,167,223,"10526",9,"black"
"123","201512w","201512w01",2015,167,223,"10660",9,"black"
"124","201519b","201519b01",2015,224,224,"27978",9,"grizzly"
"125","201523b","201523b01",2015,225,225,"11470",9,"black"
"126","201523b","201523b01",2015,225,225,"11470",9,"black"
"127","201523w","201523w01",2015,226,226,"12673",9,"black"
"128","201573b","201573b01",2015,227,227,"197067",9,"grizzly"
"129","201501","20150102",2015,151,188,"37529",9,"black"
"130","201501","20150102",2015,151,188,"37529",9,"black"
"131","201504","20150402",2015,228,228,"14557",9,"black"
"132","201504","20150402",2015,228,228,"139906",9,"black"
"133","201504","20150402",2015,228,228,"139906",9,"black"
"134","201504","20150402",2015,228,228,"14125",9,"black"
"135","201504","20150402",2015,228,228,"139906",9,"black"
"136","201504","20150402",2015,228,228,"139906",9,"black"
"137","201504","20150402",2015,228,228,"139906",9,"black"
"138","201508","20150802",2015,197,194,"125714",9,"black"
"139","201508","20150802",2015,197,194,"139906",9,"black"
"140","201508","20150802",2015,197,194,"139906",9,"black"
"141","201502","20150202",2015,194,189,"196773",9,"black"
"142","201502","20150202",2015,194,189,"196773",9,"black"
"143","201502","20150202",2015,194,189,"196773",9,"black"
"144","201502","20150202",2015,194,189,"196773",9,"black"
"145","201503","20150302",2015,48,190,"37850",9,"black"
"146","201503","20150302",2015,48,190,"37655",9,"black"
"147","201503","20150302",2015,48,190,"37655",9,"black"
"148","201503","20150302",2015,48,190,"37655",9,"black"
"149","201503","20150302",2015,48,190,"37850",9,"black"
"150","201503","20150302",2015,48,190,"37850",9,"black"
"151","201503","20150302",2015,48,190,"37850",9,"black"
"152","201503","20150302",2015,48,190,"37655",9,"black"
"153","201503","20150302",2015,48,190,"197013",9,"black"
"154","201505","20150502",2015,195,191,"29178",9,"black"
"155","201505","20150502",2015,195,191,"119300",9,"black"
"156","201505","20150502",2015,195,191,"29178",9,"black"
"157","201505","20150502",2015,195,191,"125714",9,"black"
"158","201505","20150502",2015,195,191,"29178",9,"black"
"159","201505","20150502",2015,195,191,"29178",9,"black"
"160","201505","20150502",2015,195,191,"29178",9,"black"
"161","201505","20150502",2015,195,191,"29178",9,"black"
"162","201505","20150502",2015,195,191,"29178",9,"black"
"163","201506","20150602",2015,196,192,"14211",9,"black"
"164","201506","20150602",2015,196,192,"14211",9,"black"
"165","201506","20150602",2015,196,192,"14211",9,"black"
"166","201506","20150602",2015,196,192,"14211",9,"black"
"167","201506","20150602",2015,196,192,"11694",9,"black"
"168","201506","20150602",2015,196,192,"20343",9,"black"
"169","201506","20150602",2015,196,192,"14211",9,"black"
"170","201512b","201512b02",2015,229,229,"27835",9,"grizzly"
"171","201512w","201512w02",2015,167,223,"10526",9,"black"
"172","201512w","201512w02",2015,167,223,"10526",9,"black"
"173","201512w","201512w02",2015,167,223,"10526",9,"black"
"174","201512w","201512w02",2015,167,223,"10526",9,"black"
"175","201512w","201512w02",2015,167,223,"10526",9,"black"
"176","201516","20151602",2015,41,230,"149691",9,"grizzly"
"177","201521","20152102",2015,201,198,"125588",9,"black"
"178","201521","20152102",2015,201,198,"125823",9,"black"
"179","201521","20152102",2015,201,198,"125588",9,"black"
"180","201521","20152102",2015,201,198,"125588",9,"black"
"181","201522","20152202",2015,202,199,"26901",9,"grizzly"
"182","201522","20152202",2015,202,199,"20269",9,"black"
"183","201522","20152202",2015,202,199,"26363",9,"grizzly"
"184","201522","20152202",2015,202,199,"26901",9,"grizzly"
"185","201527","20152702",2015,205,77,"37232",9,"black"
"186","201527","20152702",2015,205,77,"37232",9,"black"
"187","201527","20152702",2015,205,77,"37232",9,"black"
"188","201530","20153002",2015,208,204,"27794",9,"black"
"189","201530","20153002",2015,208,204,"27794",9,"black"
"190","201530","20153002",2015,208,204,"27794",9,"black"
"191","201530","20153002",2015,208,204,"27915",9,"black"
"192","201530","20153002",2015,208,204,"27915",9,"black"
"193","201530","20153002",2015,208,204,"27794",9,"black"
"194","201530","20153002",2015,208,204,"27794",9,"black"
"195","201530","20153002",2015,208,204,"29325",9,"black"
"196","201531b","201531b02",2015,230,231,"37372",9,"black"
"197","201531b","201531b02",2015,230,231,"27745",9,"black"
"198","201531b","201531b02",2015,230,231,"27745",9,"black"
"199","201531b","201531b02",2015,230,231,"37372",9,"black"
"200","201538","20153802",2015,209,205,"11580",9,"black"
"201","201538","20153802",2015,209,205,"11580",9,"black"
"202","201542","20154202",2015,231,232,"27536",9,"black"
"203","201546","20154602",2015,212,208,"13327",9,"black"
"204","201546","20154602",2015,212,208,"11580",9,"black"
"205","201546","20154602",2015,212,208,"11580",9,"black"
"206","201559","20155902",2015,96,212,"197223",9,"grizzly"
"207","201559","20155902",2015,96,212,"197223",9,"grizzly"
"208","201559","20155902",2015,96,212,"197223",9,"grizzly"
"209","201559","20155902",2015,96,212,"12393",9,"grizzly"
"210","201560","20156002",2015,215,213,"12507",9,"black"
"211","201560","20156002",2015,215,213,"12507",9,"black"
"212","201560","20156002",2015,215,213,"12507",9,"black"
"213","201563","20156302",2015,216,214,"12260",9,"black"
"214","201563","20156302",2015,216,214,"37331",9,"grizzly"
"215","201563","20156302",2015,216,214,"37331",9,"grizzly"
"216","201565","20156502",2015,18,18,"37349",9,"grizzly"
"217","201565","20156502",2015,18,18,"37349",9,"grizzly"
"218","201568","20156802",2015,181,176,"26756",9,"black"
"219","201568","20156802",2015,181,176,"12927",9,"black"
"220","201568","20156802",2015,181,176,"26756",9,"black"
"221","201568","20156802",2015,181,176,"26756",9,"black"
"222","201568","20156802",2015,181,176,"12579",9,"black"
"223","201568","20156802",2015,181,176,"26756",9,"black"
"224","201568","20156802",2015,181,176,"26756",9,"black"
"225","201570","20157002",2015,40,215,"196575",9,"black"
"226","201571","20157102",2015,217,216,"12480",9,"grizzly"
"227","201571","20157102",2015,217,216,"12480",9,"grizzly"
"228","201571","20157102",2015,217,216,"12480",9,"grizzly"
"229","201571","20157102",2015,217,216,"12480",9,"grizzly"
"230","201571","20157102",2015,217,216,"12480",9,"grizzly"
"231","201573b","201573b02",2015,227,227,"197067",9,"grizzly"
"232","201573b","201573b02",2015,227,227,"197067",9,"grizzly"
"233","201575","20157502",2015,218,217,"197310",9,"grizzly"
"234","201575","20157502",2015,218,217,"197310",9,"grizzly"
"235","201575","20157502",2015,218,217,"197310",9,"grizzly"
"236","201575","20157502",2015,218,217,"197310",9,"grizzly"
"237","201578","20157802",2015,232,233,"197067",9,"grizzly"
"238","201582","20158202",2015,220,219,"197171",9,"grizzly"
"239","201582","20158202",2015,220,219,"37669",9,"grizzly"
"240","201583","20158302",2015,233,234,"28931",9,"black"
"241","201584","20158402",2015,234,235,"13580",9,"grizzly"
"242","201585","20158502",2015,221,220,"14247",9,"grizzly"
"243","201501","20150103",2015,151,188,"10714",9,"black"
"244","201501","20150103",2015,151,188,"10714",9,"black"
"245","201503","20150303",2015,48,190,"26794",9,"black"
"246","201503","20150303",2015,48,190,"26794",9,"black"
"247","201504","20150403",2015,228,228,"14231",9,"black"
"248","201504","20150403",2015,228,228,"139906",9,"black"
"249","201504","20150403",2015,228,228,"13180",9,"black"
"250","201504","20150403",2015,228,228,"14231",9,"black"
"251","201504","20150403",2015,228,228,"125714",9,"black"
"252","201504","20150403",2015,228,228,"125714",9,"black"
"253","201504","20150403",2015,228,228,"139906",9,"black"
"254","201504","20150403",2015,228,228,"139906",9,"black"
"255","201504","20150403",2015,228,228,"14231",9,"black"
"256","201504","20150403",2015,228,228,"125714",9,"black"
"257","201504","20150403",2015,228,228,"125714",9,"black"
"258","201504","20150403",2015,228,228,"125714",9,"black"
"259","201504","20150403",2015,228,228,"125714",9,"black"
"260","201505","20150503",2015,195,191,"37850",9,"black"
"261","201505","20150503",2015,195,191,"125714",9,"black"
"262","201505","20150503",2015,195,191,"37850",9,"black"
"263","201505","20150503",2015,195,191,"29178",9,"black"
"264","201505","20150503",2015,195,191,"37850",9,"black"
"265","201505","20150503",2015,195,191,"125714",9,"black"
"266","201505","20150503",2015,195,191,"125714",9,"black"
"267","201505","20150503",2015,195,191,"37850",9,"black"
"268","201506","20150603",2015,196,192,"14348",9,"black"
"269","201506","20150603",2015,196,192,"11694",9,"black"
"270","201506","20150603",2015,196,192,"11694",9,"black"
"271","201506","20150603",2015,196,192,"11694",9,"black"
"272","201506","20150603",2015,196,192,"14211",9,"black"
"273","201506","20150603",2015,196,192,"14211",9,"black"
"274","201506","20150603",2015,196,192,"11694",9,"black"
"275","201507e","201507e03",2015,223,222,"29177",9,"black"
"276","201507e","201507e03",2015,223,222,"149691",9,"grizzly"
"277","201508","20150803",2015,197,194,"139906",9,"black"
"278","201508w","201508w03",2015,179,175,"14210",9,"black"
"279","201508w","201508w03",2015,179,175,"14210",9,"black"
"280","201508w","201508w03",2015,179,175,"10526",9,"black"
"281","201508w","201508w03",2015,179,175,"14210",9,"black"
"282","201511","20151103",2015,199,196,"13470",9,"black"
"283","201511","20151103",2015,199,196,"13470",9,"black"
"284","201511","20151103",2015,199,196,"14311",9,"black"
"285","201511","20151103",2015,199,196,"37832",9,"black"
"286","201511","20151103",2015,199,196,"14311",9,"black"
"287","201511","20151103",2015,199,196,"13470",9,"black"
"288","201512b","201512b03",2015,229,229,"27836",9,"grizzly"
"289","201512b","201512b03",2015,229,229,"27836",9,"grizzly"
"290","201512w","201512w03",2015,167,223,"10526",9,"black"
"291","201512w","201512w03",2015,167,223,"10526",9,"black"
"292","201512w","201512w03",2015,167,223,"10526",9,"black"
"293","201512w","201512w03",2015,167,223,"10526",9,"black"
"294","201512w","201512w03",2015,167,223,"10526",9,"black"
"295","201517w","201517w03",2015,235,236,"14393",9,"black"
"296","201518","20151803",2015,200,197,"134616",9,"grizzly"
"297","201520","20152003",2015,184,179,"14416",9,"black"
"298","201520","20152003",2015,184,179,"14416",9,"black"
"299","201521","20152103",2015,201,198,"125588",9,"black"
"300","201521","20152103",2015,201,198,"37214",9,"black"
"301","201522","20152203",2015,202,199,"26901",9,"grizzly"
"302","201522","20152203",2015,202,199,"11059",9,"grizzly"
"303","201522","20152203",2015,202,199,"119204",9,"grizzly"
"304","201522","20152203",2015,202,199,"11059",9,"grizzly"
"305","201522","20152203",2015,202,199,"119204",9,"grizzly"
"306","201523b","201523b03",2015,225,225,"11470",9,"black"
"307","201523w","201523w03",2015,226,226,"11712",9,"black"
"308","201523w","201523w03",2015,226,226,"11712",9,"black"
"309","201528","20152803",2015,206,202,"13268",9,"black"
"310","201528","20152803",2015,206,202,"27669",9,"black"
"311","201528","20152803",2015,206,202,"13185",9,"black"
"312","201528","20152803",2015,206,202,"26374",9,"black"
"313","201528","20152803",2015,206,202,"26374",9,"black"
"314","201528","20152803",2015,206,202,"13185",9,"black"
"315","201535","20153503",2015,124,237,"11471",9,"black"
"316","201535","20153503",2015,124,237,"11471",9,"black"
"317","201536","20153603",2015,236,238,"14272",9,"black"
"318","201536","20153603",2015,236,238,"14272",9,"black"
"319","201536","20153603",2015,236,238,"14272",9,"black"
"320","201537","20153703",2015,237,239,"27738",9,"black"
"321","201537","20153703",2015,237,239,"27738",9,"black"
"322","201545","20154503",2015,211,207,"12480",9,"grizzly"
"323","201545","20154503",2015,211,207,"198573",9,"black"
"324","201545","20154503",2015,211,207,"198573",9,"black"
"325","201545","20154503",2015,211,207,"29204",9,"black"
"326","201545","20154503",2015,211,207,"12480",9,"grizzly"
"327","201546","20154603",2015,212,208,"14426",9,"black"
"328","201546","20154603",2015,212,208,"14426",9,"black"
"329","201548","20154803",2015,53,210,"197206",9,"black"
"330","201548","20154803",2015,53,210,"197206",9,"black"
"331","201548","20154803",2015,53,210,"197206",9,"black"
"332","201551","20155103",2015,238,240,"12422",9,"black"
"333","201551","20155103",2015,238,240,"12422",9,"black"
"334","201551","20155103",2015,238,240,"26772",9,"black"
"335","201559","20155903",2015,96,212,"11531",9,"grizzly"
"336","201563","20156303",2015,216,214,"11243",9,"grizzly"
"337","201568","20156803",2015,181,176,"12927",9,"black"
"338","201568","20156803",2015,181,176,"12927",9,"black"
"339","201569b","201569b03",2015,239,241,"12353",9,"grizzly"
"340","201569b","201569b03",2015,239,241,"197067",9,"grizzly"
"341","201569b","201569b03",2015,239,241,"197159",9,"grizzly"
"342","201570","20157003",2015,40,215,"197159",9,"grizzly"
"343","201570","20157003",2015,40,215,"197159",9,"grizzly"
"344","201570","20157003",2015,40,215,"197159",9,"grizzly"
"345","201570","20157003",2015,40,215,"197159",9,"grizzly"
"346","201573b","201573b03",2015,227,227,"197067",9,"grizzly"
"347","201573b","201573b03",2015,227,227,"12661",9,"grizzly"
"348","201579","20157903",2015,219,218,"197067",9,"grizzly"
"349","201580","20158003",2015,240,242,"12536",9,"grizzly"
"350","201584","20158403",2015,234,235,"13580",9,"grizzly"
"351","201584","20158403",2015,234,235,"13580",9,"grizzly"
"352","201585","20158503",2015,221,220,"13290",9,"grizzly"
"353","201585","20158503",2015,221,220,"13290",9,"grizzly"
"354","201585","20158503",2015,221,220,"14247",9,"grizzly"
"355","201585","20158503",2015,221,220,"12102",9,"grizzly"
"356","201610","20161001",2016,198,243,"149501",9,"black"
"357","201604","20160401",2016,228,244,"12078",9,"black"
"358","201604","20160401",2016,228,244,"14231",9,"black"
"359","201604","20160401",2016,228,244,"14231",9,"black"
"360","201604","20160401",2016,228,244,"12078",9,"black"
"361","201604","20160401",2016,228,244,"14231",9,"black"
"362","201604","20160401",2016,228,244,"12078",9,"black"
"363","201604","20160401",2016,228,244,"14231",9,"black"
"364","201601","20160101",2016,51,51,"33505",9,"black"
"365","201601","20160101",2016,51,51,"12078",9,"black"
"366","201601","20160101",2016,51,51,"33505",9,"black"
"367","201601","20160101",2016,51,51,"33505",9,"black"
"368","201601","20160101",2016,51,51,"12078",9,"black"
"369","201601","20160101",2016,51,51,"37529",9,"black"
"370","201601","20160101",2016,51,51,"12078",9,"black"
"371","201601","20160101",2016,51,51,"33505",9,"black"
"372","201601","20160101",2016,51,51,"33505",9,"black"
"373","201601","20160101",2016,51,51,"14557",9,"black"
"374","201601","20160101",2016,51,51,"33505",9,"black"
"375","201601","20160101",2016,51,51,"33505",9,"black"
"376","201601","20160101",2016,51,51,"37529",9,"black"
"377","201618","20161801",2016,241,245,"139903",9,"grizzly"
"378","201618","20161801",2016,241,245,"139903",9,"grizzly"
"379","201618","20161801",2016,241,245,"139903",9,"grizzly"
"380","201612w","201612w01",2016,242,162,"10526",9,"black"
"381","201612w","201612w01",2016,242,162,"10526",9,"black"
"382","201612w","201612w01",2016,242,162,"11661",9,"black"
"383","201612w","201612w01",2016,242,162,"10526",9,"black"
"384","201612w","201612w01",2016,242,162,"10526",9,"black"
"385","201613","20161301",2016,243,246,"139903",9,"grizzly"
"386","201608","20160801",2016,161,43,"27978",9,"grizzly"
"387","201648","20164801",2016,53,247,"197206",9,"black"
"388","201631b","201631b01",2016,244,248,"35234",9,"black"
"389","201631b","201631b01",2016,244,248,"35234",9,"black"
"390","201612b","201612b01",2016,245,249,"27978",9,"grizzly"
"391","201612b","201612b01",2016,245,249,"27978",9,"grizzly"
"392","201612b","201612b01",2016,245,249,"139903",9,"grizzly"
"393","201612b","201612b01",2016,245,249,"139903",9,"grizzly"
"394","201612b","201612b01",2016,245,249,"27978",9,"grizzly"
"395","201617w","201617w01",2016,246,250,"11712",9,"black"
"396","201617w","201617w01",2016,246,250,"11712",9,"black"
"397","201631w","201631w01",2016,36,36,"11485",9,"black"
"398","201631w","201631w01",2016,36,36,"11485",9,"black"
"399","201629","20162901",2016,247,251,"33698",9,"black"
"400","201629","20162901",2016,247,251,"33698",9,"black"
"401","201629","20162901",2016,247,251,"33698",9,"black"
"402","201629","20162901",2016,247,251,"33698",9,"black"
"403","201636","20163601",2016,248,252,"26363",9,"grizzly"
"404","201602","20160201",2016,249,160,"13556",9,"black"
"405","201602","20160201",2016,249,160,"13556",9,"black"
"406","201603","20160301",2016,250,138,"26794",9,"black"
"407","201603","20160301",2016,250,138,"26794",9,"black"
"408","201603","20160301",2016,250,138,"26794",9,"black"
"409","201603","20160301",2016,250,138,"37655",9,"black"
"410","201603","20160301",2016,250,138,"37850",9,"black"
"411","201603","20160301",2016,250,138,"37850",9,"black"
"412","201603","20160301",2016,250,138,"26794",9,"black"
"413","201603","20160301",2016,250,138,"26794",9,"black"
"414","201603","20160301",2016,250,138,"197013",9,"black"
"415","201603","20160301",2016,250,138,"12480",9,"grizzly"
"416","201603","20160301",2016,250,138,"26794",9,"black"
"417","201603","20160301",2016,250,138,"37655",9,"black"
"418","201603","20160301",2016,250,138,"37655",9,"black"
"419","201665","20166501",2016,18,253,"197080",9,"grizzly"
"420","201665","20166501",2016,18,253,"32167",9,"grizzly"
"421","201665","20166501",2016,18,253,"44246",9,"grizzly"
"422","201665","20166501",2016,18,253,"44246",9,"grizzly"
"423","201665","20166501",2016,18,253,"197080",9,"grizzly"
"424","201665","20166501",2016,18,253,"11531",9,"grizzly"
"425","201665","20166501",2016,18,253,"44246",9,"grizzly"
"426","201665","20166501",2016,18,253,"32167",9,"grizzly"
"427","201685","20168501",2016,221,254,"37497",9,"grizzly"
"428","201685","20168501",2016,221,254,"37497",9,"grizzly"
"429","201670","20167001",2016,251,255,"196575",9,"black"
"430","201621","20162101",2016,108,93,"125823",9,"black"
"431","201621","20162101",2016,108,93,"13185",9,"black"
"432","201621","20162101",2016,108,93,"26374",9,"black"
"433","201621","20162101",2016,108,93,"198588",9,"black"
"434","201621","20162101",2016,108,93,"198588",9,"black"
"435","201659","20165901",2016,252,256,"197223",9,"grizzly"
"436","201659","20165901",2016,252,256,"12393",9,"grizzly"
"437","201659","20165901",2016,252,256,"197212",9,"grizzly"
"438","201659","20165901",2016,252,256,"197212",9,"grizzly"
"439","201659","20165901",2016,252,256,"12393",9,"grizzly"
"440","201659","20165901",2016,252,256,"12393",9,"grizzly"
"441","201628","20162801",2016,206,257,"27669",9,"black"
"442","201628","20162801",2016,206,257,"26374",9,"black"
"443","201628","20162801",2016,206,257,"26374",9,"black"
"444","201628","20162801",2016,206,257,"26374",9,"black"
"445","201628","20162801",2016,206,257,"13216",9,"black"
"446","201628","20162801",2016,206,257,"26374",9,"black"
"447","201628","20162801",2016,206,257,"13216",9,"black"
"448","201684","20168401",2016,253,258,"13580",9,"grizzly"
"449","201684","20168401",2016,253,258,"37497",9,"grizzly"
"450","201638","20163801",2016,209,205,"11580",9,"black"
"451","201638","20163801",2016,209,205,"35292",9,"black"
"452","201638","20163801",2016,209,205,"11580",9,"black"
"453","201671","20167101",2016,254,259,"197212",9,"grizzly"
"454","201607","20160701",2016,255,3,"11626",9,"black"
"455","201611","20161101",2016,256,260,"13470",9,"black"
"456","201609","20160901",2016,257,261,"33846",9,"black"
"457","201609","20160901",2016,257,261,"33846",9,"black"
"458","201605","20160501",2016,258,262,"37850",9,"black"
"459","201605","20160501",2016,258,262,"37850",9,"black"
"460","201605","20160501",2016,258,262,"119300",9,"black"
"461","201605","20160501",2016,258,262,"125714",9,"black"
"462","201606","20160601",2016,2,263,"11694",9,"black"
"463","201606","20160601",2016,2,263,"14211",9,"black"
"464","201606","20160601",2016,2,263,"14211",9,"black"
"465","201606","20160601",2016,2,263,"14211",9,"black"
"466","201606","20160601",2016,2,263,"14211",9,"black"
"467","201606","20160601",2016,2,263,"11694",9,"black"
"468","201606","20160601",2016,2,263,"14211",9,"black"
"469","201606","20160601",2016,2,263,"14211",9,"black"
"470","201606","20160601",2016,2,263,"14211",9,"black"
"471","201606","20160601",2016,2,263,"14211",9,"black"
"472","201606","20160601",2016,2,263,"11694",9,"black"
"473","201606","20160601",2016,2,263,"11694",9,"black"
"474","201606","20160601",2016,2,263,"14211",9,"black"
"475","201672","20167201",2016,259,264,"44254",9,"grizzly"
"476","201672","20167201",2016,259,264,"44254",9,"grizzly"
"477","201672","20167201",2016,259,264,"44352",9,"grizzly"
"478","201655","20165501",2016,260,265,"35228",9,"black"
"479","201655","20165501",2016,260,265,"35228",9,"black"
"480","201655","20165501",2016,260,265,"35228",9,"black"
"481","201679","20167901",2016,219,266,"31340",9,"black"
"482","201679","20167901",2016,219,266,"12180",9,"black"
"483","201669b","201669b01",2016,261,267,"33588",9,"black"
"484","201682","20168201",2016,220,268,"35026",9,"black"
"485","201682","20168201",2016,220,268,"197067",9,"grizzly"
"486","201682","20168201",2016,220,268,"35026",9,"black"
"487","201682","20168201",2016,220,268,"35026",9,"black"
"488","201682","20168201",2016,220,268,"197067",9,"grizzly"
"489","201678","20167801",2016,262,233,"32154",9,"grizzly"
"490","201678","20167801",2016,262,233,"29991",9,"grizzly"
"491","201678","20167801",2016,262,233,"197067",9,"grizzly"
"492","201678","20167801",2016,262,233,"29991",9,"grizzly"
"493","201678","20167801",2016,262,233,"197067",9,"grizzly"
"494","201678","20167801",2016,262,233,"197067",9,"grizzly"
"495","201678","20167801",2016,262,233,"197067",9,"grizzly"
"496","201673b","201673b01",2016,263,269,"33899",9,"black"
"497","201673b","201673b01",2016,263,269,"33798",9,"grizzly"
"498","201663","20166301",2016,264,270,"12393",9,"grizzly"
"499","201663","20166301",2016,264,270,"197159",9,"grizzly"
"500","201663","20166301",2016,264,270,"197159",9,"grizzly"
"501","201603","20160302",2016,250,138,"33322",9,"black"
"502","201603","20160302",2016,250,138,"37850",9,"black"
"503","201631b","201631b02",2016,244,248,"27978",9,"grizzly"
"504","201631b","201631b02",2016,244,248,"27978",9,"grizzly"
"505","201631b","201631b02",2016,244,248,"197098",9,"grizzly"
"506","201605","20160502",2016,258,262,"125714",9,"black"
"507","201605","20160502",2016,258,262,"125714",9,"black"
"508","201605","20160502",2016,258,262,"125714",9,"black"
"509","201605","20160502",2016,258,262,"125714",9,"black"
"510","201605","20160502",2016,258,262,"37850",9,"black"
"511","201605","20160502",2016,258,262,"37850",9,"black"
"512","201605","20160502",2016,258,262,"125714",9,"black"
"513","201605","20160502",2016,258,262,"125714",9,"black"
"514","201605","20160502",2016,258,262,"125714",9,"black"
"515","201625","20162502",2016,265,271,"27745",9,"black"
"516","201649","20164902",2016,266,272,"35110",9,"black"
"517","201606","20160602",2016,2,263,"11694",9,"black"
"518","201606","20160602",2016,2,263,"14211",9,"black"
"519","201606","20160602",2016,2,263,"10415",9,"black"
"520","201609","20160902",2016,257,261,"33777",9,"black"
"521","201612w","201612w02",2016,242,162,"10660",9,"black"
"522","201612w","201612w02",2016,242,162,"10526",9,"black"
"523","201612w","201612w02",2016,242,162,"10526",9,"black"
"524","201612w","201612w02",2016,242,162,"10526",9,"black"
"525","201612w","201612w02",2016,242,162,"10660",9,"black"
"526","201612w","201612w02",2016,242,162,"10660",9,"black"
"527","201627b","201627b02",2016,267,273,"a149730b",9,"black"
"528","201627b","201627b02",2016,267,273,"12029",9,"black"
"529","201627b","201627b02",2016,267,273,"12029",9,"black"
"530","201627b","201627b02",2016,267,273,"31423",9,"black"
"531","201663","20166302",2016,264,270,"197159",9,"grizzly"
"532","201663","20166302",2016,264,270,"197159",9,"grizzly"
"533","201651","20165102",2016,268,274,"12422",9,"black"
"534","201651","20165102",2016,268,274,"12422",9,"black"
"535","201651","20165102",2016,268,274,"12422",9,"black"
"536","201623w","201623w02",2016,269,275,"26396",9,"black"
"537","201623w","201623w02",2016,269,275,"26396",9,"black"
"538","201648","20164802",2016,53,247,"35089",9,"black"
"539","201644","20164402",2016,170,276,"32531",9,"black"
"540","201603","20160302",2016,250,138,"33322",9,"black"
"541","201603","20160302",2016,250,138,"33322",9,"black"
"542","201603","20160302",2016,250,138,"33322",9,"black"
"543","201603","20160302",2016,250,138,"11689",9,"black"
"544","201603","20160302",2016,250,138,"37850",9,"black"
"545","201603","20160302",2016,250,138,"33322",9,"black"
"546","201603","20160302",2016,250,138,"33721",9,"black"
"547","201603","20160302",2016,250,138,"33322",9,"black"
"548","201603","20160302",2016,250,138,"33721",9,"black"
"549","201627b","201627b02",2016,267,273,"31319",9,"black"
"550","201627b","201627b02",2016,267,273,"31420",9,"black"
"551","201627b","201627b02",2016,267,273,"32011",9,"black"
"552","201623b","201623b02",2016,270,277,"197098",9,"grizzly"
"553","201641","20164102",2016,271,278,"197206",9,"black"
"554","201624","20162402",2016,272,279,"27745",9,"black"
"555","201624","20162402",2016,272,279,"27745",9,"black"
"556","201665","20166502",2016,18,253,"35033",9,"grizzly"
"557","201665","20166502",2016,18,253,"35033",9,"grizzly"
"558","201665","20166502",2016,18,253,"35033",9,"grizzly"
"559","201665","20166502",2016,18,253,"44246",9,"grizzly"
"560","201665","20166502",2016,18,253,"44246",9,"grizzly"
"561","201665","20166502",2016,18,253,"44246",9,"grizzly"
"562","201601","20160102",2016,51,51,"12078",9,"black"
"563","201601","20160102",2016,51,51,"33505",9,"black"
"564","201601","20160102",2016,51,51,"12078",9,"black"
"565","201617","20161702",2016,273,280,"197098",9,"grizzly"
"566","201628","20162802",2016,206,257,"27669",9,"black"
"567","201628","20162802",2016,206,257,"27669",9,"black"
"568","201628","20162802",2016,206,257,"13185",9,"black"
"569","201628","20162802",2016,206,257,"13185",9,"black"
"570","201628","20162802",2016,206,257,"27669",9,"black"
"571","201628","20162802",2016,206,257,"27669",9,"black"
"572","201672","20167202",2016,259,264,"32588",9,"grizzly"
"573","201672","20167202",2016,259,264,"32588",9,"grizzly"
"574","201672","20167202",2016,259,264,"32588",9,"grizzly"
"575","201672","20167202",2016,259,264,"32588",9,"grizzly"
"576","201635","20163502",2016,274,111,"13216",9,"black"
"577","201635","20163502",2016,274,111,"35075",9,"black"
"578","201635","20163502",2016,274,111,"35075",9,"black"
"579","201635","20163502",2016,274,111,"35075",9,"black"
"580","201635","20163502",2016,274,111,"35075",9,"black"
"581","201602","20160202",2016,249,160,"13556",9,"black"
"582","201602","20160202",2016,249,160,"13556",9,"black"
"583","201602","20160202",2016,249,160,"13556",9,"black"
"584","201602","20160202",2016,249,160,"13556",9,"black"
"585","201602","20160202",2016,249,160,"13556",9,"black"
"586","201602","20160202",2016,249,160,"13556",9,"black"
"587","201620","20162002",2016,275,281,"27924",9,"black"
"588","201620","20162002",2016,275,281,"37770",9,"black"
"589","201620","20162002",2016,275,281,"27924",9,"black"
"590","201620","20162002",2016,275,281,"37722",9,"black"
"591","201620","20162002",2016,275,281,"37722",9,"black"
"592","201620","20162002",2016,275,281,"37722",9,"black"
"593","201659","20165902",2016,252,256,"197223",9,"grizzly"
"594","201659","20165902",2016,252,256,"44248",9,"grizzly"
"595","201659","20165902",2016,252,256,"44246",9,"grizzly"
"596","201659","20165902",2016,252,256,"44246",9,"grizzly"
"597","201659","20165902",2016,252,256,"44246",9,"grizzly"
"598","201673b","201673b02",2016,263,269,"12536",9,"grizzly"
"599","201673b","201673b02",2016,263,269,"12536",9,"grizzly"
"600","201673b","201673b02",2016,263,269,"27607",9,"grizzly"
"601","201608","20160802",2016,161,43,"14545",9,"black"
"602","201608","20160802",2016,161,43,"14545",9,"black"
"603","201621","20162102",2016,108,93,"125823",9,"black"
"604","201683","20168302",2016,276,282,"197067",9,"grizzly"
"605","201683","20168302",2016,276,282,"197067",9,"grizzly"
"606","201683","20168302",2016,276,282,"197067",9,"grizzly"
"607","201679","20167902",2016,219,266,"12536",9,"grizzly"
"608","201679","20167902",2016,219,266,"12536",9,"grizzly"
"609","201679","20167902",2016,219,266,"12536",9,"grizzly"
"610","201684","20168402",2016,253,258,"13580",9,"grizzly"
"611","201614","20161402",2016,277,283,"139903",9,"grizzly"
"612","201614","20161402",2016,277,283,"139903",9,"grizzly"
"613","201604","20160402",2016,228,244,"33505",9,"black"
"614","201604","20160402",2016,228,244,"33505",9,"black"
"615","201604","20160402",2016,228,244,"33505",9,"black"
"616","201604","20160402",2016,228,244,"33505",9,"black"
"617","201604","20160402",2016,228,244,"33505",9,"black"
"618","201642","20164202",2016,278,284,"31368",9,"black"
"619","201642","20164202",2016,278,284,"31368",9,"black"
"620","201636","20163602",2016,248,252,"35075",9,"black"
"621","201636","20163602",2016,248,252,"35075",9,"black"
"622","201636","20163602",2016,248,252,"32517",9,"black"
"623","201636","20163602",2016,248,252,"32551",9,"black"
"624","201636","20163602",2016,248,252,"32551",9,"black"
"625","201636","20163602",2016,248,252,"35075",9,"black"
"626","201626","20162602",2016,279,56,"12480",9,"grizzly"
"627","201626","20162602",2016,279,56,"12480",9,"grizzly"
"628","201670","20167002",2016,251,255,"32045",9,"black"
"629","201645","20164502",2016,280,207,"26768",9,"black"
"630","201645","20164502",2016,280,207,"32559",9,"black"
"631","201629","20162902",2016,247,251,"32508",9,"black"
"632","201629","20162902",2016,247,251,"32508",9,"black"
"633","201613","20161302",2016,243,246,"139903",9,"grizzly"
"634","201610","20161002",2016,198,243,"139903",9,"grizzly"
"635","201612b","201612b03",2016,245,249,"27836",9,"grizzly"
"636","201620","20162003",2016,275,281,"32593",9,"black"
"637","201620","20162003",2016,275,281,"27924",9,"black"
"638","201620","20162003",2016,275,281,"37770",9,"black"
"639","201620","20162003",2016,275,281,"37770",9,"black"
"640","201620","20162003",2016,275,281,"37770",9,"black"
"641","201620","20162003",2016,275,281,"37770",9,"black"
"642","201620","20162003",2016,275,281,"32593",9,"black"
"643","201620","20162003",2016,275,281,"37770",9,"black"
"644","201620","20162003",2016,275,281,"37770",9,"black"
"645","201620","20162003",2016,275,281,"37770",9,"black"
"646","201620","20162003",2016,275,281,"27924",9,"black"
"647","201651","20165103",2016,268,274,"44318",9,"black"
"648","201651","20165103",2016,268,274,"44318",9,"black"
"649","201651","20165103",2016,268,274,"130163",9,"black"
"650","201651","20165103",2016,268,274,"44159",9,"black"
"651","201651","20165103",2016,268,274,"44318",9,"black"
"652","201651","20165103",2016,268,274,"44318",9,"black"
"653","201651","20165103",2016,268,274,"44318",9,"black"
"654","201675","20167503",2016,281,285,"197175",9,"grizzly"
"655","201675","20167503",2016,281,285,"197175",9,"grizzly"
"656","201670","20167003",2016,251,255,"32045",9,"black"
"657","201669b","201669b03",2016,261,267,"197159",9,"grizzly"
"658","201680","20168003",2016,282,242,"20388",9,"black"
"659","201680","20168003",2016,282,242,"20388",9,"black"
"660","201680","20168003",2016,282,242,"20307",9,"black"
"661","201680","20168003",2016,282,242,"20388",9,"black"
"662","201680","20168003",2016,282,242,"20388",9,"black"
"663","201680","20168003",2016,282,242,"20388",9,"black"
"664","201680","20168003",2016,282,242,"20307",9,"black"
"665","201680","20168003",2016,282,242,"20388",9,"black"
"666","201644","20164403",2016,170,276,"32531",9,"black"
"667","201644","20164403",2016,170,276,"35208",9,"black"
"668","201644","20164403",2016,170,276,"35208",9,"black"
"669","201603","20160303",2016,250,138,"197351",9,"black"
"670","201629","20162903",2016,247,251,"26363",9,"grizzly"
"671","201629","20162903",2016,247,251,"11913",9,"grizzly"
"672","201629","20162903",2016,247,251,"26901",9,"grizzly"
"673","201602","20160203",2016,249,160,"32059",9,"black"
"674","201602","20160203",2016,249,160,"13556",9,"black"
"675","201602","20160203",2016,249,160,"32059",9,"black"
"676","201602","20160203",2016,249,160,"13556",9,"black"
"677","201646","20164603",2016,283,286,"44149",9,"black"
"678","201646","20164603",2016,283,286,"44149",9,"black"
"679","201646","20164603",2016,283,286,"44149",9,"black"
"680","201646","20164603",2016,283,286,"44149",9,"black"
"681","201622","20162203",2016,284,287,"11913",9,"grizzly"
"682","201622","20162203",2016,284,287,"11913",9,"grizzly"
"683","201608w","201608w03",2016,179,175,"10526",9,"black"
"684","201608w","201608w03",2016,179,175,"10526",9,"black"
"685","201608w","201608w03",2016,179,175,"10526",9,"black"
"686","201608w","201608w03",2016,179,175,"10526",9,"black"
"687","201601","20160103",2016,51,51,"12078",9,"black"
"688","201601","20160103",2016,51,51,"33505",9,"black"
"689","201601","20160103",2016,51,51,"12078",9,"black"
"690","201601","20160103",2016,51,51,"12078",9,"black"
"691","201601","20160103",2016,51,51,"12078",9,"black"
"692","201601","20160103",2016,51,51,"12078",9,"black"
"693","201601","20160103",2016,51,51,"12078",9,"black"
"694","201610","20161003",2016,198,243,"11694",9,"black"
"695","201610","20161003",2016,198,243,"11694",9,"black"
"696","201608","20160803",2016,161,43,"31514",9,"black"
"697","201608","20160803",2016,161,43,"31514",9,"black"
"698","201604","20160403",2016,228,244,"33505",9,"black"
"699","201604","20160403",2016,228,244,"33505",9,"black"
"700","201604","20160403",2016,228,244,"12078",9,"black"
"701","201604","20160403",2016,228,244,"12078",9,"black"
"702","201604","20160403",2016,228,244,"12078",9,"black"
"703","201604","20160403",2016,228,244,"12078",9,"black"
"704","201604","20160403",2016,228,244,"14545",9,"black"
"705","201604","20160403",2016,228,244,"12078",9,"black"
"706","201604","20160403",2016,228,244,"33505",9,"black"
"707","201604","20160403",2016,228,244,"33505",9,"black"
"708","201604","20160403",2016,228,244,"33505",9,"black"
"709","201606","20160603",2016,2,263,"12480",9,"grizzly"
"710","201606","20160603",2016,2,263,"12480",9,"grizzly"
"711","201606","20160603",2016,2,263,"31491",9,"black"
"712","201606","20160603",2016,2,263,"37539",9,"black"
"713","201606","20160603",2016,2,263,"32576",9,"black"
"714","201606","20160603",2016,2,263,"32576",9,"black"
"715","201606","20160603",2016,2,263,"32576",9,"black"
"716","201606","20160603",2016,2,263,"31480",9,"black"
"717","201606","20160603",2016,2,263,"32576",9,"black"
"718","201606","20160603",2016,2,263,"37539",9,"black"
"719","201606","20160603",2016,2,263,"31491",9,"black"
"720","201606","20160603",2016,2,263,"32576",9,"black"
"721","201606","20160603",2016,2,263,"32576",9,"black"
"722","201603","20160303",2016,250,138,"26794",9,"black"
"723","201603","20160303",2016,250,138,"26794",9,"black"
"724","201603","20160303",2016,250,138,"26794",9,"black"
"725","201605","20160503",2016,258,262,"125714",9,"black"
"726","201605","20160503",2016,258,262,"125714",9,"black"
"727","201605","20160503",2016,258,262,"125714",9,"black"
"728","201605","20160503",2016,258,262,"119300",9,"black"
"729","201630","20163003",2016,86,288,"27794",9,"black"
"730","201630","20163003",2016,86,288,"27794",9,"black"
"731","201630","20163003",2016,86,288,"27794",9,"black"
"732","201630","20163003",2016,86,288,"27794",9,"black"
"733","201630","20163003",2016,86,288,"139916",9,"black"
"734","201630","20163003",2016,86,288,"33989",9,"black"
"735","201630","20163003",2016,86,288,"33989",9,"black"
"736","201630","20163003",2016,86,288,"33989",9,"black"
"737","201630","20163003",2016,86,288,"139916",9,"black"
"738","201630","20163003",2016,86,288,"33989",9,"black"
"739","201630","20163003",2016,86,288,"139916",9,"black"
"740","201621","20162103",2016,108,93,"13185",9,"black"
"741","201621","20162103",2016,108,93,"26374",9,"black"
"742","201621","20162103",2016,108,93,"13185",9,"black"
"743","201645","20164503",2016,280,207,"32020",9,"black"
"744","201645","20164503",2016,280,207,"32020",9,"black"
"745","201645","20164503",2016,280,207,"32020",9,"black"
"746","201645","20164503",2016,280,207,"32020",9,"black"
"747","201645","20164503",2016,280,207,"33936",9,"black"
"748","201645","20164503",2016,280,207,"32020",9,"black"
"749","201607","20160703",2016,255,3,"37832",9,"black"
"750","201607","20160703",2016,255,3,"37832",9,"black"
"751","201678","20167803",2016,262,233,"12536",9,"grizzly"
"752","201678","20167803",2016,262,233,"12536",9,"grizzly"
"753","201678","20167803",2016,262,233,"29991",9,"grizzly"
"754","201678","20167803",2016,262,233,"12536",9,"grizzly"
"755","201611","20161103",2016,256,260,"11913",9,"grizzly"
"756","201611","20161103",2016,256,260,"11913",9,"grizzly"
"757","201611","20161103",2016,256,260,"11913",9,"grizzly"
"758","201628","20162803",2016,206,257,"27669",9,"black"
"759","201628","20162803",2016,206,257,"27669",9,"black"
"760","201628","20162803",2016,206,257,"13185",9,"black"
"761","201628","20162803",2016,206,257,"27669",9,"black"
"762","201665","20166503",2016,18,253,"37483",9,"grizzly"
"763","201679","20167903",2016,219,266,"44008",9,"grizzly"
"764","201679","20167903",2016,219,266,"197067",9,"grizzly"
"765","201679","20167903",2016,219,266,"197067",9,"grizzly"
"766","201673b","201673b03",2016,263,269,"33899",9,"black"
"767","201673b","201673b03",2016,263,269,"197067",9,"grizzly"
"768","201684","20168403",2016,253,258,"44255",9,"grizzly"
"769","201684","20168403",2016,253,258,"44255",9,"grizzly"
"770","201627b","201627b03",2016,267,273,"31420",9,"black"
"771","201627b","201627b03",2016,267,273,"31420",9,"black"
"772","201685","20168503",2016,221,254,"44284",9,"black"
"773","201626","20162603",2016,279,56,"32011",9,"black"
"774","201635","20163503",2016,274,111,"13216",9,"black"
"775","201635","20163503",2016,274,111,"13216",9,"black"
"776","201635","20163503",2016,274,111,"13216",9,"black"
"777","201635","20163503",2016,274,111,"13216",9,"black"
"778","201631b","201631b03",2016,244,248,"27978",9,"grizzly"
"779","201631b","201631b03",2016,244,248,"27978",9,"grizzly"
"780","201631b","201631b03",2016,244,248,"197098",9,"grizzly"
"781","201715","20171501",2017,285,289,"125585",9,"grizzly"
"782","201715","20171501",2017,285,289,"197098",9,"grizzly"
"783","201715","20171501",2017,285,289,"125585",9,"grizzly"
"784","201729","20172901",2017,286,290,"26901",9,"grizzly"
"785","201713","20171301",2017,243,291,"12480",9,"grizzly"
"786","201713","20171301",2017,243,291,"197098",9,"grizzly"
"787","201708w","201708w01",2017,287,292,"14210",9,"black"
"788","201708w","201708w01",2017,287,292,"14210",9,"black"
"789","201708w","201708w01",2017,287,292,"14210",9,"black"
"790","201708w","201708w01",2017,287,292,"59472",9,"black"
"791","201708w","201708w01",2017,287,292,"14210",9,"black"
"792","201704","20170401",2017,288,50,"59463",9,"black"
"793","201704","20170401",2017,288,50,"59463",9,"black"
"794","201712w","201712w01",2017,289,293,"11661",9,"black"
"795","201712w","201712w01",2017,289,293,"11661",9,"black"
"796","201712w","201712w01",2017,289,293,"26964",9,"black"
"797","201712w","201712w01",2017,289,293,"26964",9,"black"
"798","201731b","201731b01",2017,290,294,"27978",9,"grizzly"
"799","201731b","201731b01",2017,290,294,"27978",9,"grizzly"
"800","201718","20171801",2017,241,295,"197098",9,"grizzly"
"801","201718","20171801",2017,241,295,"197098",9,"grizzly"
"802","201701","20170101",2017,291,296,"33505",9,"black"
"803","201701","20170101",2017,291,296,"33505",9,"black"
"804","201735","20173501",2017,124,237,"35075",9,"black"
"805","201723b","201723b01",2017,270,126,"27978",9,"grizzly"
"806","201723b","201723b01",2017,270,126,"27978",9,"grizzly"
"807","201737","20173701",2017,292,297,"29204",9,"black"
"808","201737","20173701",2017,292,297,"29204",9,"black"
"809","201737","20173701",2017,292,297,"29204",9,"black"
"810","201730","20173001",2017,6,298,"29325",9,"black"
"811","201730","20173001",2017,6,298,"29325",9,"black"
"812","201769b","201769b01",2017,293,174,"197159",9,"grizzly"
"813","201773b","201773b01",2017,294,299,"197067",9,"grizzly"
"814","201773b","201773b01",2017,294,299,"197159",9,"grizzly"
"815","201716","20171601",2017,295,300,"119418",9,"grizzly"
"816","201783","20178301",2017,276,301,"196675",9,"grizzly"
"817","201780","20178001",2017,296,302,"59363",9,"black"
"818","201780","20178001",2017,296,302,"59363",9,"black"
"819","201780","20178001",2017,296,302,"20307",9,"black"
"820","201780","20178001",2017,296,302,"20307",9,"black"
"821","201780","20178001",2017,296,302,"20393",9,"black"
"822","201780","20178001",2017,296,302,"20393",9,"black"
"823","201780","20178001",2017,296,302,"20307",9,"black"
"824","201780","20178001",2017,296,302,"59363",9,"black"
"825","201780","20178001",2017,296,302,"59363",9,"black"
"826","201780","20178001",2017,296,302,"59363",9,"black"
"827","201780","20178001",2017,296,302,"59363",9,"black"
"828","201770","20177001",2017,297,303,"196575",9,"black"
"829","201770","20177001",2017,297,303,"196575",9,"black"
"830","201770","20177001",2017,297,303,"196575",9,"black"
"831","201746","20174601",2017,298,304,"59282",9,"black"
"832","201746","20174601",2017,298,304,"59282",9,"black"
"833","201746","20174601",2017,298,304,"13327",9,"black"
"834","201728","20172801",2017,16,305,"13185",9,"black"
"835","201728","20172801",2017,16,305,"13216",9,"black"
"836","201768","20176801",2017,19,306,"59340",9,"black"
"837","201759","20175901",2017,299,307,"12237",9,"grizzly"
"838","201759","20175901",2017,299,307,"12102",9,"grizzly"
"839","201759","20175901",2017,299,307,"12102",9,"grizzly"
"840","201759","20175901",2017,299,307,"12102",9,"grizzly"
"841","201721","20172101",2017,300,308,"125588",9,"black"
"842","201721","20172101",2017,300,308,"125588",9,"black"
"843","201705","20170501",2017,301,309,"125714",9,"black"
"844","201705","20170501",2017,301,309,"125714",9,"black"
"845","201705","20170501",2017,301,309,"125714",9,"black"
"846","201709","20170901",2017,302,310,"59463",9,"black"
"847","201709","20170901",2017,302,310,"59463",9,"black"
"848","201703","20170301",2017,303,311,"26794",9,"black"
"849","201703","20170301",2017,303,311,"26794",9,"black"
"850","201703","20170301",2017,303,311,"26794",9,"black"
"851","201703","20170301",2017,303,311,"33322",9,"black"
"852","201706","20170601",2017,304,312,"32576",9,"black"
"853","201706","20170601",2017,304,312,"32576",9,"black"
"854","201706","20170601",2017,304,312,"14211",9,"black"
"855","201706","20170601",2017,304,312,"32576",9,"black"
"856","201706","20170601",2017,304,312,"125585",9,"grizzly"
"857","201738","20173801",2017,305,313,"59282",9,"black"
"858","201779","20177901",2017,306,314,"59962",9,"black"
"859","201779","20177901",2017,306,314,"59962",9,"black"
"860","201778","20177801",2017,307,315,"29991",9,"grizzly"
"861","201778","20177801",2017,307,315,"14018",9,"grizzly"
"862","201778","20177801",2017,307,315,"14018",9,"grizzly"
"863","201701","20170102",2017,291,296,"10714",9,"black"
"864","201701","20170102",2017,291,296,"35402",9,"black"
"865","201701","20170102",2017,291,296,"10714",9,"black"
"866","201701","20170102",2017,291,296,"35402",9,"black"
"867","201701","20170102",2017,291,296,"35402",9,"black"
"868","201701","20170102",2017,291,296,"35402",9,"black"
"869","201701","20170102",2017,291,296,"35402",9,"black"
"870","201701","20170102",2017,291,296,"41539",9,"black"
"871","201704","20170402",2017,288,50,"139906",9,"black"
"872","201704","20170402",2017,288,50,"33505",9,"black"
"873","201704","20170402",2017,288,50,"33505",9,"black"
"874","201708w","201708w02",2017,287,292,"10526",9,"black"
"875","201708","20170802",2017,308,316,"14545",9,"black"
"876","201708","20170802",2017,308,316,"14545",9,"black"
"877","201720","20172002",2017,309,317,"27924",9,"black"
"878","201712w","201712w02",2017,289,293,"10660",9,"black"
"879","201712w","201712w02",2017,289,293,"10660",9,"black"
"880","201712w","201712w02",2017,289,293,"27978",9,"grizzly"
"881","201712w","201712w02",2017,289,293,"27978",9,"grizzly"
"882","201712w","201712w02",2017,289,293,"56359",9,"black"
"883","201712w","201712w02",2017,289,293,"10660",9,"black"
"884","201712w","201712w02",2017,289,293,"10660",9,"black"
"885","201712w","201712w02",2017,289,293,"11661",9,"black"
"886","201731wb","201731wb02",2017,310,318,"11485",9,"black"
"887","201731wb","201731wb02",2017,310,318,"11485",9,"black"
"888","201735","20173502",2017,124,237,"56299",9,"black"
"889","201735","20173502",2017,124,237,"56299",9,"black"
"890","201735","20173502",2017,124,237,"56299",9,"black"
"891","201741","20174102",2017,311,319,"59672",9,"black"
"892","201729","20172902",2017,286,290,"33698",9,"black"
"893","201729","20172902",2017,286,290,"32508",9,"black"
"894","201729","20172902",2017,286,290,"32508",9,"black"
"895","201729","20172902",2017,286,290,"33698",9,"black"
"896","201744","20174402",2017,312,320,"59376",9,"black"
"897","201744","20174402",2017,312,320,"59888",9,"black"
"898","201744","20174402",2017,312,320,"59376",9,"black"
"899","201744","20174402",2017,312,320,"59376",9,"black"
"900","201744","20174402",2017,312,320,"59376",9,"black"
"901","201722","20172202",2017,313,321,"20269",9,"black"
"902","201722","20172202",2017,313,321,"139903",9,"grizzly"
"903","201722","20172202",2017,313,321,"20269",9,"black"
"904","201722","20172202",2017,313,321,"20269",9,"black"
"905","201722","20172202",2017,313,321,"20269",9,"black"
"906","201745","20174502",2017,314,322,"32020",9,"black"
"907","201745","20174502",2017,314,322,"32020",9,"black"
"908","201745","20174502",2017,314,322,"32020",9,"black"
"909","201745","20174502",2017,314,322,"59483",9,"black"
"910","201745","20174502",2017,314,322,"59483",9,"black"
"911","201755","20175502",2017,315,323,"12480",9,"grizzly"
"912","201755","20175502",2017,315,323,"12480",9,"grizzly"
"913","201730","20173002",2017,6,298,"13233",9,"black"
"914","201730","20173002",2017,6,298,"27794",9,"black"
"915","201730","20173002",2017,6,298,"27794",9,"black"
"916","201730","20173002",2017,6,298,"27794",9,"black"
"917","201730","20173002",2017,6,298,"13233",9,"black"
"918","201730","20173002",2017,6,298,"13233",9,"black"
"919","201773b","201773b02",2017,294,299,"32633",9,"grizzly"
"920","201773b","201773b02",2017,294,299,"32633",9,"grizzly"
"921","201773b","201773b02",2017,294,299,"12536",9,"grizzly"
"922","201773b","201773b02",2017,294,299,"32633",9,"grizzly"
"923","201773b","201773b02",2017,294,299,"32633",9,"grizzly"
"924","201782","20178202",2017,316,324,"20482",9,"black"
"925","201769b","201769b02",2017,293,174,"33588",9,"black"
"926","201769b","201769b02",2017,293,174,"33588",9,"black"
"927","201775","20177502",2017,317,124,"29084",9,"black"
"928","201775","20177502",2017,317,124,"59622",9,"black"
"929","201775","20177502",2017,317,124,"29084",9,"black"
"930","201775","20177502",2017,317,124,"29084",9,"black"
"931","201775","20177502",2017,317,124,"59622",9,"black"
"932","201775","20177502",2017,317,124,"59622",9,"black"
"933","201775","20177502",2017,317,124,"29084",9,"black"
"934","201775","20177502",2017,317,124,"29084",9,"black"
"935","201775","20177502",2017,317,124,"59622",9,"black"
"936","201775","20177502",2017,317,124,"59622",9,"black"
"937","201721","20172102",2017,300,308,"26374",9,"black"
"938","201721","20172102",2017,300,308,"13133",9,"black"
"939","201721","20172102",2017,300,308,"13133",9,"black"
"940","201721","20172102",2017,300,308,"198588",9,"black"
"941","201721","20172102",2017,300,308,"13133",9,"black"
"942","201721","20172102",2017,300,308,"13133",9,"black"
"943","201780","20178002",2017,296,302,"20307",9,"black"
"944","201780","20178002",2017,296,302,"20388",9,"black"
"945","201780","20178002",2017,296,302,"20307",9,"black"
"946","201709","20170902",2017,302,310,"59463",9,"black"
"947","201728","20172802",2017,16,305,"26374",9,"black"
"948","201728","20172802",2017,16,305,"26374",9,"black"
"949","201728","20172802",2017,16,305,"13268",9,"black"
"950","201728","20172802",2017,16,305,"26374",9,"black"
"951","201711","20171102",2017,318,325,"139903",9,"grizzly"
"952","201711","20171102",2017,318,325,"149691",9,"grizzly"
"953","201711","20171102",2017,318,325,"149691",9,"grizzly"
"954","201703","20170302",2017,303,311,"59293",9,"black"
"955","201703","20170302",2017,303,311,"26794",9,"black"
"956","201703","20170302",2017,303,311,"26794",9,"black"
"957","201703","20170302",2017,303,311,"26794",9,"black"
"958","201703","20170302",2017,303,311,"26794",9,"black"
"959","201703","20170302",2017,303,311,"42632",9,"black"
"960","201703","20170302",2017,303,311,"42632",9,"black"
"961","201703","20170302",2017,303,311,"59293",9,"black"
"962","201703","20170302",2017,303,311,"59293",9,"black"
"963","201703","20170302",2017,303,311,"42632",9,"black"
"964","201703","20170302",2017,303,311,"11689",9,"black"
"965","201703","20170302",2017,303,311,"11689",9,"black"
"966","201703","20170302",2017,303,311,"26794",9,"black"
"967","201703","20170302",2017,303,311,"26794",9,"black"
"968","201702","20170202",2017,319,326,"33721",9,"black"
"969","201702","20170202",2017,319,326,"59946",9,"black"
"970","201702","20170202",2017,319,326,"59946",9,"black"
"971","201702","20170202",2017,319,326,"33721",9,"black"
"972","201716","20171602",2017,295,300,"149691",9,"grizzly"
"973","201716","20171602",2017,295,300,"149691",9,"grizzly"
"974","201734","20173402",2017,320,327,"59614",9,"black"
"975","201734","20173402",2017,320,327,"59614",9,"black"
"976","201785","20178502",2017,321,254,"56106",9,"black"
"977","201770","20177002",2017,297,303,"27602",9,"black"
"978","201770","20177002",2017,297,303,"27602",9,"black"
"979","201770","20177002",2017,297,303,"196575",9,"black"
"980","201770","20177002",2017,297,303,"196575",9,"black"
"981","201770","20177002",2017,297,303,"196575",9,"black"
"982","201746","20174602",2017,298,304,"13327",9,"black"
"983","201746","20174602",2017,298,304,"59282",9,"black"
"984","201746","20174602",2017,298,304,"13327",9,"black"
"985","201705","20170502",2017,301,309,"59463",9,"black"
"986","201705","20170502",2017,301,309,"125714",9,"black"
"987","201705","20170502",2017,301,309,"125714",9,"black"
"988","201705","20170502",2017,301,309,"59463",9,"black"
"989","201705","20170502",2017,301,309,"59463",9,"black"
"990","201705","20170502",2017,301,309,"29178",9,"black"
"991","201759","20175902",2017,299,307,"56190",9,"grizzly"
"992","201759","20175902",2017,299,307,"197159",9,"grizzly"
"993","201759","20175902",2017,299,307,"56190",9,"grizzly"
"994","201706","20170602",2017,304,312,"197013",9,"black"
"995","201706","20170602",2017,304,312,"197013",9,"black"
"996","201706","20170602",2017,304,312,"197013",9,"black"
"997","201765","20176502",2017,322,253,"11531",9,"grizzly"
"998","201765","20176502",2017,322,253,"197080",9,"grizzly"
"999","201765","20176502",2017,322,253,"42840",9,"black"
"1000","201765","20176502",2017,322,253,"11531",9,"grizzly"
"1001","201731wb","201731wb03",2017,310,318,"26877",9,"black"
"1002","201731wb","201731wb03",2017,310,318,"26877",9,"black"
"1003","201712w","201712w03",2017,289,293,"56359",9,"black"
"1004","201712w","201712w03",2017,289,293,"56359",9,"black"
"1005","201749","20174903",2017,323,57,"59866",9,"black"
"1006","201717","20171703",2017,324,328,"197098",9,"grizzly"
"1007","201724","20172403",2017,325,329,"59555",9,"black"
"1008","201745","20174503",2017,314,322,"53136",9,"black"
"1009","201745","20174503",2017,314,322,"59483",9,"black"
"1010","201745","20174503",2017,314,322,"53136",9,"black"
"1011","201723b","201723b03",2017,270,126,"59547",9,"black"
"1012","201723b","201723b03",2017,270,126,"59547",9,"black"
"1013","201723b","201723b03",2017,270,126,"59547",9,"black"
"1014","201708","20170803",2017,308,316,"59694",9,"black"
"1015","201708","20170803",2017,308,316,"33777",9,"black"
"1016","201701","20170103",2017,291,296,"33505",9,"black"
"1017","201701","20170103",2017,291,296,"33505",9,"black"
"1018","201704","20170403",2017,288,50,"33505",9,"black"
"1019","201704","20170403",2017,288,50,"33505",9,"black"
"1020","201704","20170403",2017,288,50,"33505",9,"black"
"1021","201772","20177203",2017,326,330,"59849",9,"grizzly"
"1022","201772","20177203",2017,326,330,"59849",9,"grizzly"
"1023","201772","20177203",2017,326,330,"59849",9,"grizzly"
"1024","201772","20177203",2017,326,330,"59849",9,"grizzly"
"1025","201772","20177203",2017,326,330,"59849",9,"grizzly"
"1026","201772","20177203",2017,326,330,"59849",9,"grizzly"
"1027","201772","20177203",2017,326,330,"11981",9,"grizzly"
"1028","201748","20174803",2017,327,331,"35089",9,"black"
"1029","201782","20178203",2017,316,324,"32633",9,"grizzly"
"1030","201782","20178203",2017,316,324,"35026",9,"black"
"1031","201782","20178203",2017,316,324,"35026",9,"black"
"1032","201780","20178003",2017,296,302,"20307",9,"black"
"1033","201780","20178003",2017,296,302,"12180",9,"black"
"1034","201780","20178003",2017,296,302,"20307",9,"black"
"1035","201780","20178003",2017,296,302,"20307",9,"black"
"1036","201780","20178003",2017,296,302,"20393",9,"black"
"1037","201780","20178003",2017,296,302,"12180",9,"black"
"1038","201780","20178003",2017,296,302,"20307",9,"black"
"1039","201778","20177803",2017,307,315,"29991",9,"grizzly"
"1040","201773b","201773b03",2017,294,299,"197159",9,"grizzly"
"1041","201773b","201773b03",2017,294,299,"197159",9,"grizzly"
"1042","201773b","201773b03",2017,294,299,"197159",9,"grizzly"
"1043","201773b","201773b03",2017,294,299,"197159",9,"grizzly"
"1044","201775","20177503",2017,317,124,"29084",9,"black"
"1045","201775","20177503",2017,317,124,"29084",9,"black"
"1046","201775","20177503",2017,317,124,"29084",9,"black"
"1047","201775","20177503",2017,317,124,"29084",9,"black"
"1048","201775","20177503",2017,317,124,"27602",9,"black"
"1049","201775","20177503",2017,317,124,"29084",9,"black"
"1050","201775","20177503",2017,317,124,"27602",9,"black"
"1051","201721","20172103",2017,300,308,"198588",9,"black"
"1052","201721","20172103",2017,300,308,"198588",9,"black"
"1053","201721","20172103",2017,300,308,"198588",9,"black"
"1054","201721","20172103",2017,300,308,"26374",9,"black"
"1055","201706","20170603",2017,304,312,"43534",9,"black"
"1056","201706","20170603",2017,304,312,"43534",9,"black"
"1057","201706","20170603",2017,304,312,"32576",9,"black"
"1058","201706","20170603",2017,304,312,"43534",9,"black"
"1059","201703","20170303",2017,303,311,"42632",9,"black"
"1060","201703","20170303",2017,303,311,"58717",9,"black"
"1061","201703","20170303",2017,303,311,"58717",9,"black"
"1062","201703","20170303",2017,303,311,"33322",9,"black"
"1063","201703","20170303",2017,303,311,"33322",9,"black"
"1064","201703","20170303",2017,303,311,"33322",9,"black"
"1065","201703","20170303",2017,303,311,"58717",9,"black"
"1066","201703","20170303",2017,303,311,"26794",9,"black"
"1067","201703","20170303",2017,303,311,"33322",9,"black"
"1068","201703","20170303",2017,303,311,"33322",9,"black"
"1069","201705","20170503",2017,301,309,"59463",9,"black"
"1070","201705","20170503",2017,301,309,"125714",9,"black"
"1071","201705","20170503",2017,301,309,"125714",9,"black"
"1072","201705","20170503",2017,301,309,"125714",9,"black"
"1073","201705","20170503",2017,301,309,"125714",9,"black"
"1074","201705","20170503",2017,301,309,"125714",9,"black"
"1075","201702","20170203",2017,319,326,"33721",9,"black"
"1076","201702","20170203",2017,319,326,"56016",9,"black"
"1077","201702","20170203",2017,319,326,"43899",9,"black"
"1078","201702","20170203",2017,319,326,"43899",9,"black"
"1079","201759","20175903",2017,299,307,"30665",9,"grizzly"
"1080","201759","20175903",2017,299,307,"34483",9,"grizzly"
"1081","201759","20175903",2017,299,307,"59543",9,"grizzly"
"1082","201759","20175903",2017,299,307,"30665",9,"grizzly"
"1083","201728","20172803",2017,16,305,"11390",9,"black"
"1084","201728","20172803",2017,16,305,"11390",9,"black"
"1085","201728","20172803",2017,16,305,"26374",9,"black"
"1086","201728","20172803",2017,16,305,"27669",9,"black"
"1087","201728","20172803",2017,16,305,"27669",9,"black"
"1088","201728","20172803",2017,16,305,"26374",9,"black"
"1089","201728","20172803",2017,16,305,"11390",9,"black"
"1090","201728","20172803",2017,16,305,"13268",9,"black"
"1091","201728","20172803",2017,16,305,"27669",9,"black"
"1092","201728","20172803",2017,16,305,"13268",9,"black"
"1093","201728","20172803",2017,16,305,"27669",9,"black"
"1094","201738","20173803",2017,305,313,"13392",9,"black"
"1095","201765","20176503",2017,322,253,"37331",9,"grizzly"
"1096","201837","20183701",2018,328,332,"29204",9,"black"
"1097","201837","20183701",2018,328,332,"29204",9,"black"
"1098","201837","20183701",2018,328,332,"29204",9,"black"
"1099","201830","20183001",2018,329,204,"13233",9,"black"
"1100","201830","20183001",2018,329,204,"13233",9,"black"
"1101","201830","20183001",2018,329,204,"13233",9,"black"
"1102","201830","20183001",2018,329,204,"13233",9,"black"
"1103","201830","20183001",2018,329,204,"13233",9,"black"
"1104","201830","20183001",2018,329,204,"13233",9,"black"
"1105","201830","20183001",2018,329,204,"11913",9,"grizzly"
"1106","201830","20183001",2018,329,204,"13233",9,"black"
"1107","201801","20180101",2018,330,333,"33505",9,"black"
"1108","201814","20181401",2018,331,334,"139903",9,"grizzly"
"1109","201820","20182001",2018,332,281,"197098",9,"grizzly"
"1110","201820","20182001",2018,332,281,"197098",9,"grizzly"
"1111","201810","20181001",2018,198,243,"139903",9,"grizzly"
"1112","201810","20181001",2018,198,243,"139903",9,"grizzly"
"1113","201823b","201823b01",2018,333,335,"27978",9,"grizzly"
"1114","201817w","201817w01",2018,334,336,"56359",9,"black"
"1115","201817w","201817w01",2018,334,336,"11712",9,"black"
"1116","201817w","201817w01",2018,334,336,"56359",9,"black"
"1117","201817","20181701",2018,335,337,"27978",9,"grizzly"
"1118","201818","20181801",2018,336,245,"197098",9,"grizzly"
"1119","201818","20181801",2018,336,245,"197098",9,"grizzly"
"1120","201825","20182501",2018,337,338,"197098",9,"grizzly"
"1121","201872","20187201",2018,259,33,"11981",9,"grizzly"
"1122","201872","20187201",2018,259,33,"11981",9,"grizzly"
"1123","201845","20184501",2018,338,116,"53136",9,"black"
"1124","201845","20184501",2018,338,116,"53136",9,"black"
"1125","201852","20185201",2018,339,339,"49002",9,"black"
"1126","201831b","201831b01",2018,340,340,"55939",9,"black"
"1127","201833","20183301",2018,341,341,"55941",9,"black"
"1128","201833","20183301",2018,341,341,"55941",9,"black"
"1129","201833","20183301",2018,341,341,"55941",9,"black"
"1130","201833","20183301",2018,341,341,"55941",9,"black"
"1131","201844","20184401",2018,342,342,"59483",9,"black"
"1132","201844","20184401",2018,342,342,"59483",9,"black"
"1133","201844","20184401",2018,342,342,"59483",9,"black"
"1134","201803","20180301",2018,343,343,"26794",9,"black"
"1135","201803","20180301",2018,343,343,"42632",9,"black"
"1136","201803","20180301",2018,343,343,"55993",9,"grizzly"
"1137","201803","20180301",2018,343,343,"26794",9,"black"
"1138","201875","20187501",2018,14,344,"29084",9,"black"
"1139","201875","20187501",2018,14,344,"29084",9,"black"
"1140","201875","20187501",2018,14,344,"29084",9,"black"
"1141","201885","20188501",2018,344,254,"49199",9,"grizzly"
"1142","201828","20182801",2018,345,345,"11390",9,"black"
"1143","201828","20182801",2018,345,345,"11390",9,"black"
"1144","201882","20188201",2018,346,346,"197171",9,"grizzly"
"1145","201878","20187801",2018,347,347,"12536",9,"grizzly"
"1146","201878","20187801",2018,347,347,"12536",9,"grizzly"
"1147","201878","20187801",2018,347,347,"12536",9,"grizzly"
"1148","201806","20180601",2018,348,348,"10415",9,"black"
"1149","201883","20188301",2018,349,349,"49272",9,"grizzly"
"1150","201850","20185001",2018,350,350,"119204",9,"grizzly"
"1151","201859","20185901",2018,351,351,"12393",9,"grizzly"
"1152","201859","20185901",2018,351,351,"12102",9,"grizzly"
"1153","201859","20185901",2018,351,351,"12102",9,"grizzly"
"1154","201859","20185901",2018,351,351,"12393",9,"grizzly"
"1155","201870","20187001",2018,40,352,"196575",9,"black"
"1156","201870","20187001",2018,40,352,"12260",9,"black"
"1157","201865","20186501",2018,352,353,"197067",9,"grizzly"
"1158","201865","20186501",2018,352,353,"197159",9,"grizzly"
"1159","201865","20186501",2018,352,353,"197067",9,"grizzly"
"1160","201865","20186501",2018,352,353,"197067",9,"grizzly"
"1161","201865","20186501",2018,352,353,"197067",9,"grizzly"
"1162","201865","20186501",2018,352,353,"197159",9,"grizzly"
"1163","201865","20186501",2018,352,353,"49106",9,"grizzly"
"1164","201805","20180501",2018,353,182,"59463",9,"black"
"1165","201805","20180501",2018,353,182,"125714",9,"black"
"1166","201805","20180501",2018,353,182,"125714",9,"black"
"1167","201838","20183801",2018,354,354,"11580",9,"black"
"1168","201838","20183801",2018,354,354,"12486",9,"black"
"1169","201838","20183801",2018,354,354,"35292",9,"black"
"1170","201838","20183801",2018,354,354,"11580",9,"black"
"1171","201821","20182101",2018,108,355,"13133",9,"black"
"1172","201821","20182101",2018,108,355,"13133",9,"black"
"1173","201821","20182101",2018,108,355,"49381",9,"black"
"1174","201863","20186301",2018,216,356,"197067",9,"grizzly"
"1175","201863","20186301",2018,216,356,"37331",9,"grizzly"
"1176","201802","20180201",2018,355,357,"33721",9,"black"
"1177","201802","20180201",2018,355,357,"13556",9,"black"
"1178","201801","20180102",2018,330,333,"33505",9,"black"
"1179","201804","20180402",2018,228,358,"33505",9,"black"
"1180","201804","20180402",2018,228,358,"14545",9,"black"
"1181","201804","20180402",2018,228,358,"33505",9,"black"
"1182","201804","20180402",2018,228,358,"33505",9,"black"
"1183","201814","20181402",2018,331,334,"11913",9,"grizzly"
"1184","201824","20182402",2018,356,359,"49293",9,"black"
"1185","201824","20182402",2018,356,359,"49293",9,"black"
"1186","201824","20182402",2018,356,359,"49293",9,"black"
"1187","201824","20182402",2018,356,359,"49293",9,"black"
"1188","201812w","201812w02",2018,357,360,"10660",9,"black"
"1189","201812w","201812w02",2018,357,360,"10660",9,"black"
"1190","201812w","201812w02",2018,357,360,"10660",9,"black"
"1191","201817","20181702",2018,335,337,"197098",9,"grizzly"
"1192","201817w","201817w02",2018,334,336,"14393",9,"black"
"1193","201845","20184502",2018,338,116,"26764",9,"black"
"1194","201855","20185502",2018,34,361,"12052",9,"black"
"1195","201853","20185302",2018,358,362,"44235",9,"black"
"1196","201853","20185302",2018,358,362,"44235",9,"black"
"1197","201872","20187202",2018,259,33,"59849",9,"grizzly"
"1198","201837","20183702",2018,328,332,"119204",9,"grizzly"
"1199","201822","20182202",2018,284,363,"149691",9,"grizzly"
"1200","201822","20182202",2018,284,363,"11913",9,"grizzly"
"1201","201822","20182202",2018,284,363,"149691",9,"grizzly"
"1202","201849","20184902",2018,359,364,"44235",9,"black"
"1203","201842","20184202",2018,360,365,"59614",9,"black"
"1204","201802","20180202",2018,355,357,"33721",9,"black"
"1205","201848","20184802",2018,361,366,"27978",9,"grizzly"
"1206","201847","20184702",2018,362,367,"49291",9,"black"
"1207","201841","20184102",2018,363,368,"15986",9,"black"
"1208","201805","20180502",2018,353,182,"59463",9,"black"
"1209","201805","20180502",2018,353,182,"59463",9,"black"
"1210","201805","20180502",2018,353,182,"125714",9,"black"
"1211","201828","20182802",2018,345,345,"13185",9,"black"
"1212","201828","20182802",2018,345,345,"198588",9,"black"
"1213","201828","20182802",2018,345,345,"198588",9,"black"
"1214","201828","20182802",2018,345,345,"198588",9,"black"
"1215","201828","20182802",2018,345,345,"13268",9,"black"
"1216","201828","20182802",2018,345,345,"13268",9,"black"
"1217","201803","20180302",2018,343,343,"13556",9,"black"
"1218","201803","20180302",2018,343,343,"13556",9,"black"
"1219","201803","20180302",2018,343,343,"13556",9,"black"
"1220","201803","20180302",2018,343,343,"13556",9,"black"
"1221","201840","20184002",2018,364,369,"40387",9,"black"
"1222","201831b","201831b02",2018,340,340,"12009",9,"black"
"1223","201831b","201831b02",2018,340,340,"40242",9,"black"
"1224","201831b","201831b02",2018,340,340,"197206",9,"black"
"1225","201831b","201831b02",2018,340,340,"40242",9,"black"
"1226","201831b","201831b02",2018,340,340,"35234",9,"black"
"1227","201831b","201831b02",2018,340,340,"49013",9,"black"
"1228","201831b","201831b02",2018,340,340,"35234",9,"black"
"1229","201821","20182102",2018,108,355,"13185",9,"black"
"1230","201821","20182102",2018,108,355,"31451",9,"black"
"1231","201821","20182102",2018,108,355,"31451",9,"black"
"1232","201821","20182102",2018,108,355,"35067",9,"black"
"1233","201821","20182102",2018,108,355,"35067",9,"black"
"1234","201821","20182102",2018,108,355,"31451",9,"black"
"1235","201821","20182102",2018,108,355,"31451",9,"black"
"1236","201821","20182102",2018,108,355,"35067",9,"black"
"1237","201821","20182102",2018,108,355,"13185",9,"black"
"1238","201846","20184602",2018,365,370,"59282",9,"black"
"1239","201880","20188002",2018,366,371,"20300",9,"black"
"1240","201870","20187002",2018,40,352,"32045",9,"black"
"1241","201870","20187002",2018,40,352,"196575",9,"black"
"1242","201868","20186802",2018,19,372,"12579",9,"black"
"1243","201850","20185002",2018,350,350,"35228",9,"black"
"1244","201850","20185002",2018,350,350,"134632",9,"black"
"1245","201863","20186302",2018,216,356,"197159",9,"grizzly"
"1246","201875","20187502",2018,14,344,"29084",9,"black"
"1247","201875","20187502",2018,14,344,"29084",9,"black"
"1248","201875","20187502",2018,14,344,"29084",9,"black"
"1249","201875","20187502",2018,14,344,"29084",9,"black"
"1250","201875","20187502",2018,14,344,"29084",9,"black"
"1251","201875","20187502",2018,14,344,"29084",9,"black"
"1252","201838","20183802",2018,354,354,"12486",9,"black"
"1253","201838","20183802",2018,354,354,"59282",9,"black"
"1254","201838","20183802",2018,354,354,"12486",9,"black"
"1255","201838","20183802",2018,354,354,"12486",9,"black"
"1256","201838","20183802",2018,354,354,"12486",9,"black"
"1257","201838","20183802",2018,354,354,"12486",9,"black"
"1258","201873b","201873b02",2018,294,373,"197159",9,"grizzly"
"1259","201873b","201873b02",2018,294,373,"11243",9,"grizzly"
"1260","201878","20187802",2018,347,347,"32633",9,"grizzly"
"1261","201878","20187802",2018,347,347,"32633",9,"grizzly"
"1262","201879","20187902",2018,367,266,"32633",9,"grizzly"
"1263","201930","20193001",2019,368,288,"29325",9,"black"
"1264","201930","20193001",2019,368,288,"42753",9,"black"
"1265","201930","20193001",2019,368,288,"42757",9,"black"
"1266","201930","20193001",2019,368,288,"42753",9,"black"
"1267","201930","20193001",2019,368,288,"29325",9,"black"
"1268","201930","20193001",2019,368,288,"42757",9,"black"
"1269","201929","20192901",2019,369,374,"59866",9,"black"
"1270","201929","20192901",2019,369,374,"59866",9,"black"
"1271","201923wb","201923wb01",2019,370,375,"25884",9,"black"
"1272","201931wb","201931wb01",2019,371,376,"35579",9,"black"
"1273","201931wb","201931wb01",2019,371,376,"35579",9,"black"
"1274","201972","20197201",2019,372,377,"32048",9,"black"
"1275","201912w","201912w01",2019,373,378,"10660",9,"black"
"1276","201937","20193701",2019,374,379,"43700",9,"black"
"1277","201937","20193701",2019,374,379,"43700",9,"black"
"1278","201937","20193701",2019,374,379,"43700",9,"black"
"1279","201917","20191701",2019,375,380,"27978",9,"grizzly"
"1280","201904","20190401",2019,228,381,"33777",9,"black"
"1281","201901","20190101",2019,376,382,"33505",9,"black"
"1282","201901","20190101",2019,376,382,"33505",9,"black"
"1283","201908w","201908w01",2019,377,383,"35706",9,"black"
"1284","201945","20194501",2019,338,384,"42766",9,"black"
"1285","201922","20192201",2019,284,385,"42772",9,"black"
"1286","201922","20192201",2019,284,385,"42772",9,"black"
"1287","201922","20192201",2019,284,385,"42772",9,"black"
"1288","201914","20191401",2019,378,386,"139903",9,"grizzly"
"1289","201949","20194901",2019,379,387,"35699",9,"black"
"1290","201988","20198801",2019,380,388,"40268",9,"black"
"1291","201915","20191501",2019,381,389,"35648",9,"grizzly"
"1292","201915","20191501",2019,381,389,"35648",9,"grizzly"
"1293","201943","20194301",2019,382,390,"40760",9,"black"
"1294","201943","20194301",2019,382,390,"40760",9,"black"
"1295","201943","20194301",2019,382,390,"40760",9,"black"
"1296","201973b","201973b01",2019,383,391,"32633",9,"grizzly"
"1297","201924","20192401",2019,384,392,"27978",9,"grizzly"
"1298","201913","20191301",2019,385,393,"197098",9,"grizzly"
"1299","201918","20191801",2019,386,394,"42782",9,"black"
"1300","201918","20191801",2019,386,394,"42782",9,"black"
"1301","201980","20198001",2019,387,395,"20893",9,"black"
"1302","201980","20198001",2019,387,395,"20296",9,"black"
"1303","201980","20198001",2019,387,395,"20893",9,"black"
"1304","201980","20198001",2019,387,395,"20388",9,"black"
"1305","201925","20192501",2019,388,396,"139903",9,"grizzly"
"1306","201925","20192501",2019,388,396,"139903",9,"grizzly"
"1307","201925","20192501",2019,388,396,"139903",9,"grizzly"
"1308","201970","20197001",2019,389,397,"32045",9,"black"
"1309","201970","20197001",2019,389,397,"32045",9,"black"
"1310","201983","20198301",2019,193,398,"40273",9,"grizzly"
"1311","201919b","201919b01",2019,390,399,"197098",9,"grizzly"
"1312","201975","20197501",2019,281,400,"52041",9,"black"
"1313","201975","20197501",2019,281,400,"29084",9,"black"
"1314","201975","20197501",2019,281,400,"52041",9,"black"
"1315","201975","20197501",2019,281,400,"27845",9,"grizzly"
"1316","201975","20197501",2019,281,400,"29084",9,"black"
"1317","201965","20196501",2019,391,401,"37331",9,"grizzly"
"1318","201965","20196501",2019,391,401,"42840",9,"black"
"1319","201980","20198001",2019,387,395,"20893",9,"black"
"1320","201909","20190901",2019,392,402,"59463",9,"black"
"1321","201909","20190901",2019,392,402,"59463",9,"black"
"1322","201909","20190901",2019,392,402,"125714",9,"black"
"1323","201909","20190901",2019,392,402,"125714",9,"black"
"1324","201902","20190201",2019,249,403,"59946",9,"black"
"1325","201902","20190201",2019,249,403,"21739",9,"grizzly"
"1326","201905","20190501",2019,393,309,"27725",9,"black"
"1327","201905","20190501",2019,393,309,"37850",9,"black"
"1328","201905","20190501",2019,393,309,"59463",9,"black"
"1329","201905","20190501",2019,393,309,"59463",9,"black"
"1330","201905","20190501",2019,393,309,"59463",9,"black"
"1331","201905","20190501",2019,393,309,"37850",9,"black"
"1332","201905","20190501",2019,393,309,"27725",9,"black"
"1333","201907","20190701",2019,394,404,"37832",9,"black"
"1334","201911","20191101",2019,395,405,"17753",9,"black"
"1335","201911","20191101",2019,395,405,"17753",9,"black"
"1336","201903","20190301",2019,250,406,"37850",9,"black"
"1337","201903","20190301",2019,250,406,"11689",9,"black"
"1338","201903","20190301",2019,250,406,"33721",9,"black"
"1339","201903","20190301",2019,250,406,"26794",9,"black"
"1340","201903","20190301",2019,250,406,"13556",9,"black"
"1341","201903","20190301",2019,250,406,"33721",9,"black"
"1342","201903","20190301",2019,250,406,"139903",9,"grizzly"
"1343","201921","20192101",2019,396,407,"13185",9,"black"
"1344","201931b","201931b01",2019,397,408,"35234",9,"black"
"1345","201931b","201931b01",2019,397,408,"197098",9,"grizzly"
"1346","201931b","201931b01",2019,397,408,"35234",9,"black"
"1347","201931b","201931b01",2019,397,408,"35234",9,"black"
"1348","201931b","201931b01",2019,397,408,"49412",9,"black"
"1349","201931b","201931b01",2019,397,408,"49412",9,"black"
"1350","201931b","201931b01",2019,397,408,"197098",9,"grizzly"
"1351","201941","20194101",2019,398,409,"52103",9,"black"
"1352","201941","20194101",2019,398,409,"52103",9,"black"
"1353","201959","20195901",2019,96,410,"30665",9,"grizzly"
"1354","201959","20195901",2019,96,410,"12102",9,"grizzly"
"1355","201963","20196301",2019,216,411,"197159",9,"grizzly"
"1356","201963","20196301",2019,216,411,"197159",9,"grizzly"
"1357","201946","20194601",2019,365,412,"59282",9,"black"
"1358","201946","20194601",2019,365,412,"13327",9,"black"
"1359","201938","20193801",2019,399,205,"12486",9,"black"
"1360","201938","20193801",2019,399,205,"17707",9,"black"
"1361","201938","20193801",2019,399,205,"12486",9,"black"
"1362","201938","20193801",2019,399,205,"12486",9,"black"
"1363","201938","20193801",2019,399,205,"17707",9,"black"
"1364","201938","20193801",2019,399,205,"42757",9,"black"
"1365","201938","20193801",2019,399,205,"17707",9,"black"
"1366","201912w","201912w02",2019,373,378,"10660",9,"black"
"1367","201912w","201912w02",2019,373,378,"29815",9,"black"
"1368","201912w","201912w02",2019,373,378,"27978",9,"grizzly"
"1369","201961","20196102",2019,400,413,"19053",9,"black"
"1370","201961","20196102",2019,400,413,"19053",9,"black"
"1371","201961","20196102",2019,400,413,"19053",9,"black"
"1372","201917w","201917w02",2019,401,414,"17725",9,"black"
"1373","201917w","201917w02",2019,401,414,"17725",9,"black"
"1374","201910","20191002",2019,402,415,"19112",9,"black"
"1375","201910","20191002",2019,402,415,"19112",9,"black"
"1376","201910","20191002",2019,402,415,"19112",9,"black"
"1377","201928","20192802",2019,403,123,"19185",9,"black"
"1378","201928","20192802",2019,403,123,"19185",9,"black"
"1379","201928","20192802",2019,403,123,"19185",9,"black"
"1380","201928","20192802",2019,403,123,"19185",9,"black"
"1381","201928","20192802",2019,403,123,"19185",9,"black"
"1382","201928","20192802",2019,403,123,"19185",9,"black"
"1383","201968","20196802",2019,404,416,"40482",9,"black"
"1384","201965","20196502",2019,391,401,"197008",9,"black"
"1385","201965","20196502",2019,391,401,"42840",9,"black"
"1386","201965","20196502",2019,391,401,"134566",9,"black"
"1387","201965","20196502",2019,391,401,"59849",9,"grizzly"
"1388","201965","20196502",2019,391,401,"42840",9,"black"
"1389","201965","20196502",2019,391,401,"37331",9,"grizzly"
"1390","201965","20196502",2019,391,401,"134566",9,"black"
"1391","201979","20197902",2019,405,417,"12536",9,"grizzly"
"1392","201979","20197902",2019,405,417,"12536",9,"grizzly"
"1393","201979","20197902",2019,405,417,"12536",9,"grizzly"
"1394","201975","20197502",2019,281,400,"35033",9,"grizzly"
"1395","201975","20197502",2019,281,400,"29084",9,"black"
"1396","201975","20197502",2019,281,400,"35033",9,"grizzly"
"1397","201975","20197502",2019,281,400,"29084",9,"black"
"1398","201980","20198002",2019,387,395,"20893",9,"black"
"1399","201942","20194202",2019,360,365,"49775",9,"black"
"1400","201942","20194202",2019,360,365,"49775",9,"black"
"1401","201943","20194302",2019,382,390,"40760",9,"black"
"1402","201901","20190102",2019,376,382,"33505",9,"black"
"1403","201901","20190102",2019,376,382,"35402",9,"black"
"1404","201901","20190102",2019,376,382,"35402",9,"black"
"1405","201901","20190102",2019,376,382,"15986",9,"black"
"1406","201901","20190102",2019,376,382,"15986",9,"black"
"1407","201901","20190102",2019,376,382,"35402",9,"black"
"1408","201901","20190102",2019,376,382,"33505",9,"black"
"1409","201901","20190102",2019,376,382,"15986",9,"black"
"1410","201901","20190102",2019,376,382,"33505",9,"black"
"1411","201924","20192402",2019,384,392,"59547",9,"black"
"1412","201924","20192402",2019,384,392,"59547",9,"black"
"1413","201908","20190802",2019,406,418,"59463",9,"black"
"1414","201908","20190802",2019,406,418,"57290",9,"black"
"1415","201908","20190802",2019,406,418,"59463",9,"black"
"1416","201933","20193302",2019,159,419,"19202",9,"grizzly"
"1417","201905","20190502",2019,393,309,"125714",9,"black"
"1418","201905","20190502",2019,393,309,"125714",9,"black"
"1419","201905","20190502",2019,393,309,"59463",9,"black"
"1420","201905","20190502",2019,393,309,"19183",9,"black"
"1421","201905","20190502",2019,393,309,"19183",9,"black"
"1422","201905","20190502",2019,393,309,"59463",9,"black"
"1423","201931b","201931b02",2019,397,408,"49412",9,"black"
"1424","201931b","201931b02",2019,397,408,"49412",9,"black"
"1425","201941","20194102",2019,398,409,"59672",9,"black"
"1426","201941","20194102",2019,398,409,"59672",9,"black"
"1427","201904","20190402",2019,228,381,"33505",9,"black"
"1428","201904","20190402",2019,228,381,"33505",9,"black"
"1429","201904","20190402",2019,228,381,"33505",9,"black"
"1430","201904","20190402",2019,228,381,"33505",9,"black"
"1431","201904","20190402",2019,228,381,"33505",9,"black"
"1432","201912b","201912b02",2019,407,420,"139888",9,"black"
"1433","201912b","201912b02",2019,407,420,"139888",9,"black"
"1434","201912b","201912b02",2019,407,420,"139888",9,"black"
"1435","201937","20193702",2019,374,379,"29204",9,"black"
"1436","201929","20192902",2019,369,374,"17643",9,"black"
"1437","201944","20194402",2019,408,421,"17653",9,"black"
"1438","201945","20194502",2019,338,384,"17649",9,"black"
"1439","201945","20194502",2019,338,384,"32020",9,"black"
"1440","201945","20194502",2019,338,384,"32020",9,"black"
"1441","201930","20193002",2019,368,288,"13233",9,"black"
"1442","201930","20193002",2019,368,288,"42753",9,"black"
"1443","201903","20190302",2019,250,406,"26794",9,"black"
"1444","201903","20190302",2019,250,406,"26794",9,"black"
"1445","201911","20191102",2019,395,405,"17753",9,"black"
"1446","201911","20191102",2019,395,405,"17753",9,"black"
"1447","201911","20191102",2019,395,405,"17753",9,"black"
"1448","201911","20191102",2019,395,405,"19193",9,"black"
"1449","201911","20191102",2019,395,405,"17753",9,"black"
"1450","201911","20191102",2019,395,405,"17753",9,"black"
"1451","201909","20190902",2019,392,402,"125714",9,"black"
"1452","201906","20190602",2019,409,422,"42681",9,"black"
"1453","201906","20190602",2019,409,422,"42681",9,"black"
"1454","201902","20190202",2019,249,403,"40347",9,"black"
"1455","201902","20190202",2019,249,403,"59946",9,"black"
"1456","201963","20196302",2019,216,411,"197159",9,"grizzly"
"1457","201963","20196302",2019,216,411,"197159",9,"grizzly"
"1458","201946","20194602",2019,365,412,"32531",9,"black"
"1459","201959","20195902",2019,96,410,"12102",9,"grizzly"
"1460","201938","20193802",2019,399,205,"32012",9,"black"
"1461","201938","20193802",2019,399,205,"32012",9,"black"
"1462","201938","20193802",2019,399,205,"17707",9,"black"
"1463","201938","20193802",2019,399,205,"13392",9,"black"
"1464","201938","20193802",2019,399,205,"32012",9,"black"
"1465","201938","20193802",2019,399,205,"12486",9,"black"
"1466","201938","20193802",2019,399,205,"32012",9,"black"
"1467","201938","20193802",2019,399,205,"17707",9,"black"
"1468","201938","20193802",2019,399,205,"32012",9,"black"
"1469","201938","20193802",2019,399,205,"32012",9,"black"
"1470","201938","20193802",2019,399,205,"32012",9,"black"
"1471","201938","20193802",2019,399,205,"12486",9,"black"
